,pos,Hannum,Horvath,PhenoAge,SnB,Weidner,r2,Zhang,DeepMAge,eta_0,omega,meth_init,system_size,var_init,abs_der,saturating,saturating_std,saturating_der
cg25427880,129422,False,False,False,True,False,0.30444525576333964,False,False,0.9675259080134988,0.001938778589286663,0.11372667167138606,169.9969126696681,16.159221018812566,0.0013902852049743086,False,False,False
cg25818109,178086,False,False,False,False,False,0.3044873650181623,False,False,0.003894097442662414,0.004651807600067059,0.5557098033755082,94.73992937313727,9.687259760497525,0.0016888571148099144,False,False,False
cg25478614,723374,True,False,False,True,False,0.3045086929588216,True,False,0.9979880909969563,0.0021703226882955774,0.20179961912635744,76.07788482592875,0.14423297582620168,0.0014213789207459142,False,False,False
cg12179916,518523,False,False,False,False,False,0.3053150485548054,False,False,0.002104648262468685,0.004234047317102223,0.7145401562817798,69.303855077375,5.103299917987951,0.002060663881844152,False,False,False
cg23744638,89566,True,False,False,False,False,0.30550316044801373,True,False,0.0007033738732637472,0.0037364767015035357,0.8767617612421594,37.67972727083117,0.006323838203686717,0.0023385654079425906,False,False,False
cg16477091,471603,False,False,False,False,False,0.30580986867652044,True,False,0.828382061604362,0.001529255307150338,0.07360212676931173,124.11762930720433,0.05882172428913441,0.0010058358251235225,False,False,False
cg05908398,627839,False,False,False,False,False,0.30611277153745897,False,False,0.006406574761189935,0.003631587911889417,0.5190171806995085,112.78663086461933,5.907313349991054,0.0013425735168544584,False,False,False
cg08446924,689756,False,False,False,False,False,0.3061444980760993,False,False,0.0003739122114816145,0.004376955342284543,0.46605389892104776,90.0869975710963,3.195848112866964,0.0013746109834739122,False,False,False
cg00439658,237584,False,False,False,False,False,0.3061529459093592,False,False,0.9795981511030413,0.0015404867654664678,0.08301180423108462,133.87811082082965,3.865923640630366,0.0012023692244364126,False,False,False
cg12842322,150137,False,False,False,False,False,0.3063042463541509,False,False,0.05896407076061593,0.0023011366711610587,0.703973159792437,121.39921020417526,2.211835519948623,0.0012066042804407288,False,False,False
cg10616795,102872,False,False,False,False,False,0.3068655006116395,False,False,0.0005623341964902844,0.0034659906025623043,0.9025916751204773,42.87479028574485,0.00613297936595599,0.002288624758503747,False,False,False
cg05156137,128377,False,False,False,False,False,0.3071281578863535,False,False,0.004150783256341137,0.009463837320731682,0.3689735058470619,74.01417885814419,9.72755336364173,0.0014731291965917155,False,False,False
cg18797590,668785,False,False,False,False,False,0.30730822261881147,False,False,0.0005745932551708881,0.004674374618619441,0.610485819243079,71.1465709339233,4.97834879314181,0.0018719109418498484,False,False,False
cg06831571,482177,False,False,False,False,False,0.30769391146702374,False,False,0.004318661652159528,0.00411616552957463,0.7039491419468376,48.50741607050282,0.015323074024304146,0.001988268514987912,False,False,False
cg19029181,41110,False,False,False,False,False,0.3079113629513061,False,False,0.9998431163401355,0.0019127653193500547,0.1393706886657802,83.29164657902093,3.213576198894369e-05,0.0013855919116424506,False,False,False
cg12534424,717619,False,False,False,False,False,0.3081690956282904,False,False,0.9615482352314917,0.0020856862190675803,0.179006763441029,264.3888959218207,49.44812658029968,0.0013528017393768382,False,False,False
cg24255121,254889,False,False,False,False,False,0.3081820938009168,False,False,0.009961316640284436,0.0026064430769450566,0.6150983249227608,85.07711170556267,0.0030323693287223775,0.0012474559314874186,False,False,False
cg27209729,644756,False,False,False,False,False,0.30860579042937175,False,False,0.002148158515029315,0.0059961368883502284,0.5732132341428785,51.72106652785757,2.3828385589291075,0.0019961313492824566,False,False,False
cg15208139,207711,False,False,False,False,False,0.3088722491546929,False,False,0.005203351246586122,0.005061520071801855,0.5749729652840222,85.25333784035182,9.207866166314298,0.0018287027860521144,False,False,False
cg14042143,197053,False,False,False,False,False,0.30902597402183085,False,False,0.015039722645370152,0.005111707309244682,0.7160738542092616,101.08559286826377,30.90084405670057,0.0022620717539773893,False,False,False
cg04416734,75432,True,False,False,False,False,0.30930732208563666,False,False,0.0002461844592934591,0.0055281583634199695,0.3936427082861275,125.33535860874747,14.342142299535512,0.0013223140521262072,False,False,False
cg03211189,331306,False,False,False,False,False,0.3102383442188145,False,False,0.005822406637347748,0.002465246099897559,0.5778799164306911,168.98685731405416,9.683124505089795,0.0011296453570510876,False,False,False
cg25236230,52535,False,False,False,False,False,0.3104483918120277,False,False,0.9984537823887935,0.001684206382987243,0.1275052691478548,93.72672683481079,0.00032162055107966725,0.0012605441249525539,False,False,False
cg02047661,195083,False,False,False,False,False,0.310656171745892,False,False,0.2876919617143328,0.006031327283564933,0.6073351832337551,148.52275480680782,0.9070871846154527,0.0011203014562060347,False,False,False
cg21141726,532230,False,False,False,False,False,0.31127396053326406,False,False,0.0003245968569902661,0.007514324247122414,0.324072797198432,82.38491604294784,4.023510366273539,0.0012370539321405643,False,False,False
cg16714760,359520,False,False,False,False,False,0.31147603484077097,False,False,0.0016749126697641913,0.004221961031263785,0.825046431585913,41.110523254234,0.044185807628372584,0.0023773239558662887,False,False,False
cg01820374,575657,False,True,False,True,True,0.3115256171724592,False,True,0.00033495710463474654,0.006436886959957204,0.33970585966305167,116.33318447803705,10.891100374912929,0.0012239257783864255,False,False,False
cg18007249,393572,False,False,False,False,False,0.31156515983286515,False,False,0.00514188305700949,0.002777105387004594,0.7121478448061209,89.88695207344449,1.831441663985918,0.001529213409950657,False,False,False
cg03648784,173287,False,False,False,False,False,0.31217175035024985,False,False,0.0038155692004328006,0.00548909523443926,0.5226458495518291,90.36919697432279,10.662115125012258,0.0017377069621391044,False,False,False
cg25258740,104473,False,False,False,False,False,0.3122867480480879,False,False,0.9990630681867472,0.004509022140570516,0.18430855618966074,38.87211834509999,0.010805017136028503,0.0024483146593190404,False,False,False
cg07806886,6283,False,False,False,False,False,0.3124356515391915,False,False,0.9989950827358878,0.0014814943846519503,0.06457901036151803,102.09293124332184,0.0002648361230712797,0.0012115291678261952,False,False,False
cg19671120,511320,False,False,False,False,False,0.31247008552729266,False,False,0.8904102186521494,0.0020848811474832698,0.14436013607767884,182.69366217061454,14.554467355528892,0.0012893136216543684,False,False,False
cg02113955,302942,False,False,False,False,False,0.31314585499113967,False,False,0.005213854428073796,0.004367638424405836,0.6477972293986596,87.38755562882668,9.128073210284157,0.001894350989998417,False,False,False
cg06279276,108452,False,False,False,False,False,0.31363924919137937,False,False,0.9994698704283295,0.003675312589890348,0.10480028110007981,43.38775189377365,0.012829169241584186,0.002362119363974652,False,False,False
cg11552407,639557,False,False,False,False,False,0.3141258481660207,False,False,0.015603092748733737,0.0017864430921862783,0.8391812737068005,90.63881844941635,0.04589925613098267,0.0012527609415664788,False,False,False
cg17953764,8421,False,False,False,False,False,0.31420801560512934,False,False,0.999259230250428,0.004532142891152024,0.29074498868431314,63.18873691301369,3.8162126955128923,0.0021355343423266216,False,False,False
cg09692396,21105,False,False,False,False,False,0.3142751907702648,True,False,0.00013943569647028366,0.006080471936362705,0.4155140261650192,76.15008142166124,3.2278228796780177,0.0014612106457964123,False,False,False
cg09727935,47634,False,False,False,False,False,0.3147031308536815,False,False,0.9976019978697648,0.0029699812210629293,0.269227714007882,375.37823062888,207.36419571394848,0.0016558543236867445,False,False,False
cg06335143,483296,False,False,False,False,False,0.3147515934796395,True,False,0.989668353333762,0.001978531794246096,0.0972640421373511,89.86884089150675,1.1689724505511303,0.0014776473649041387,False,False,False
cg22947000,159189,False,True,True,True,True,0.3148535285187153,False,True,0.0033625348329473985,0.007620924128563342,0.4125632093009957,106.08715324351967,21.443868308151764,0.001570611243783855,False,False,False
cg23112168,391522,False,False,False,False,False,0.31508392557282405,False,False,0.001465863947775968,0.006101603957202698,0.5494454231517863,76.83362560720268,10.410807904344646,0.0019307142859953269,False,False,False
cg19560758,457580,False,False,False,False,False,0.3152774211166493,False,True,0.9708874811666636,0.0016845406511721956,0.08752594669028388,132.4062565727558,3.704216933043671,0.0012787250592634974,False,False,False
cg08997126,321199,False,False,False,False,False,0.31556887591475863,False,False,0.002500168939516841,0.007331033674367935,0.672143401683738,35.129035115455956,1.0988794700696891,0.002537839930356284,False,False,False
cg21020378,325864,False,False,False,False,False,0.31567661777321715,False,False,0.016895752570222168,0.005836193612636147,0.5842936237884645,120.76357785190469,37.13343079613761,0.001958398156707686,False,False,False
cg26921969,614013,False,False,False,True,False,0.3163404515448524,True,False,0.9487303693582737,0.0019395039933630767,0.13211977645609543,129.8292199181597,4.28313126730212,0.001330139706551609,False,False,False
cg19991948,468923,False,False,False,False,False,0.31647733392387606,False,False,0.002877569356612468,0.008860285295661017,0.4035399542324144,74.27138077079869,10.456810021029066,0.0015992218203052966,False,False,False
cg02872426,251809,False,False,False,False,False,0.3167093342082548,False,False,0.0005676624481961205,0.01129006945566034,0.7073794358545612,87.17262200104523,151.6888149076916,0.0028887572656546966,False,False,False
cg20595453,675193,False,False,False,False,False,0.31709146552322637,False,False,0.3411400699762429,0.010201340276400758,0.586668184486065,222.07444954170893,20.896197741968024,0.0010000546690072793,False,False,False
cg16621189,627040,False,False,False,False,False,0.3171964349905328,False,False,0.014307819645186109,0.002196289091824853,0.5931066462711952,201.3544260654345,11.112342551234622,0.0010432103462768882,False,False,False
cg10221746,199894,False,False,False,False,False,0.3175949806546038,False,False,0.04326819883030696,0.00290426265308758,0.6079418296702858,106.49205267194705,1.2644980218320285,0.0012627457795672556,False,False,False
cg18651026,703445,False,False,False,False,False,0.3184789490363941,False,False,0.006946564848876479,0.002936816259688595,0.5586016874145723,133.8225940190158,6.545031199646789,0.0012438114563676885,False,False,False
cg04400489,314117,False,False,False,False,False,0.3189440401043877,False,False,0.01581939823693223,0.002436573060493392,0.73570469567868,102.01225061229539,2.3676849352311553,0.0014086581779930482,False,False,False
cg08453194,21982,False,False,False,False,False,0.3192773402538586,False,False,0.00030622449135737624,0.004330850578069651,0.501927650278441,65.60167177678126,0.02183979879884256,0.0014711991747346905,False,False,False
cg15526956,559525,False,False,False,False,False,0.31930739897936133,False,False,0.0006124824635458163,0.004635769518484455,0.6445397927725425,52.890504518538506,0.11021220147653246,0.0019668111399560157,False,False,False
cg02046143,25670,True,False,False,False,False,0.3193719429337587,True,False,0.00032073028566705834,0.006824313640288594,0.48768862397717055,49.73729385591389,0.8048050476334655,0.0017996056009222051,False,False,False
cg03947688,221205,False,False,False,False,False,0.31943873038036835,False,False,0.950399272407833,0.001514647715601689,0.08177776053909791,112.56642536778759,0.05101815240817801,0.001147994828978446,False,False,False
cg12878812,342193,False,False,False,False,False,0.3197538336229391,False,False,0.843536723562849,0.002017192085244128,0.1399788669380821,187.85091249723163,10.906712754831968,0.001183592180771721,False,False,False
cg18215449,744163,False,False,False,False,False,0.3199162132422819,False,False,0.0011287169944731073,0.005839083895955753,0.45425577701933795,104.42342195901662,12.075456468627793,0.0015643550957116063,False,False,False
cg23487414,505303,False,False,False,False,False,0.3201526514417102,False,False,0.010198237183774066,0.00620285087681636,0.36471229537409794,237.91244805351775,71.63532725695343,0.0012582792951871039,False,False,False
cg18633600,196472,False,False,False,True,False,0.32020890587499495,False,False,0.9799292637797121,0.0019367681154625626,0.10656361238369891,123.5429562483982,4.453045131520132,0.0014209285515743605,False,False,False
cg11584042,598741,False,False,False,False,False,0.32083123739184305,False,False,0.0007981375579252691,0.00559375687534753,0.5910034463365017,59.950053556218066,2.9603614657198594,0.0019955669426281438,False,False,False
cg17438696,645139,False,False,False,False,False,0.3211088206576218,False,False,0.003266587314924943,0.006767232682777351,0.5893561742567317,57.639337632286896,6.052424180060226,0.0021570869512332366,False,False,False
cg02571816,108788,False,False,False,False,False,0.3214298706287506,False,False,0.9997189965049971,0.002080053961562779,0.05642269261932079,70.95748421684878,0.001976798125457487,0.00162712417744906,False,False,False
cg14188401,407736,False,False,False,False,False,0.32206255865748135,False,False,0.0755236875089805,0.0027217857525486484,0.649132770822899,151.56775793619042,5.903988191248862,0.0012220384433608686,False,False,False
cg07134623,298790,False,False,False,False,False,0.3221658087650588,False,False,0.00408290042662775,0.00644234719757076,0.5097772960527363,94.69268667721798,16.96129117478551,0.001824414190935969,False,False,False
cg02228185,697385,False,False,True,True,True,0.3232319027290925,False,True,0.0008123995729585509,0.004856816318701022,0.8339204999242559,33.41577830389086,0.0013500224540401952,0.002613467289742569,False,False,False
cg02699218,6418,False,False,False,False,False,0.32339088857580567,False,False,0.9992014413584098,0.0029773876967208327,0.21029125728573403,101.14729720106729,7.32153819388143,0.0017967484447342149,False,False,False
cg14620941,577680,False,False,False,False,False,0.3237196187658192,False,False,0.0001254385017961446,0.006649484048025785,0.38623599149392696,65.06046740588816,1.3507926046978973,0.0014112194048298242,False,False,False
cg09726879,395865,False,False,False,False,False,0.32448297900775763,False,False,0.0009206826354387055,0.004324075731388988,0.5588253029464788,62.943953093763774,0.02180862205011322,0.0016347082293740798,False,False,False
cg01486610,484989,False,False,False,False,False,0.3245366303029878,False,False,0.004704495183268168,0.004756206977454352,0.754875594180568,61.63548930417796,6.0054632098470195,0.0023255065881146123,False,False,False
cg19500607,717972,False,False,False,False,False,0.3252745171319103,False,False,0.0008048595188346643,0.0038597549125976086,0.6298960488789874,65.13691434771869,0.04306461579999791,0.0017155722312943295,False,False,False
cg09515953,87487,False,False,False,False,False,0.3256784156689648,False,False,0.9991612532512911,0.001569837722071617,0.05476908449450592,101.75239853305209,0.00013712326029119074,0.0012872048585426759,False,False,False
cg26992381,745437,False,False,False,False,False,0.32723895183681384,False,False,0.0007824382011854013,0.006166209299786602,0.5168182900026848,62.98723312654838,2.8541707641884764,0.0018267645569075958,False,False,False
cg05911659,110603,False,False,False,False,False,0.32746931283818725,False,False,0.9997817911383423,0.00260894878880558,0.20972755439347973,71.66750337398436,0.016093922542717076,0.0016298505190862574,False,False,False
cg01369611,763340,False,False,False,False,False,0.3275457846064034,False,False,0.0021136780765569634,0.004932191651638089,0.7062222290540078,58.147209311174386,2.6954365798993543,0.0022279089427454084,False,False,False
cg14947101,638530,False,False,False,False,False,0.32791298040529976,False,False,0.003202322583809888,0.0042963988730645025,0.7918492988709508,48.53080527155446,0.014481071723850415,0.0023017387412245824,False,False,False
cg01855540,623200,False,False,False,False,False,0.32823402992716366,False,False,0.0019191866417480618,0.003098571342144582,0.7095568493778587,69.43672185452951,0.011549628367552585,0.0016590524647185174,False,False,False
cg15845821,368684,False,False,False,False,False,0.3283856362188017,True,False,0.0004916982064687052,0.0051750948925175936,0.48931307281632636,60.949602123974586,0.0013035896044001167,0.001587786633525535,False,False,False
cg12757011,167992,False,False,False,True,False,0.3292019811111145,False,False,0.9718704624516606,0.002036312654516577,0.15920569918755387,127.27874576777835,4.419035852176393,0.0013777282007953137,False,False,False
cg09124496,41423,False,False,False,False,False,0.3293400203148247,False,False,0.0002554354719582913,0.004246430897535654,0.7699437257849046,51.15975161916698,0.47641708119272597,0.0022302872674329448,False,False,False
cg16169166,595236,False,False,False,False,False,0.3294812984066128,False,False,0.0003688991274878101,0.007901866914289582,0.3133178135841504,130.69237579931527,17.886807731754896,0.0012143582077652642,False,False,False
cg01620970,269012,False,False,False,False,False,0.32951447739171513,False,False,0.01251876347161112,0.005054303989887169,0.4643626956059256,108.66904999156986,6.343480613976871,0.0014490879445671616,False,False,False
cg11323285,368301,False,False,False,False,False,0.3295897685073443,False,False,0.31412630464135,0.02371246512712738,0.7651551565996345,55.077010188406966,7.148122796175753,0.0012657375995984244,False,False,False
cg07712766,435458,False,False,False,False,False,0.3296092591733702,False,False,0.03559482747667643,0.003040084784618637,0.6522424536999897,167.5108535085883,17.075174314072285,0.0014259243179844964,False,False,False
cg26772387,273456,False,False,False,False,False,0.3301099767383271,False,False,0.002833581446050041,0.004611912911892302,0.45582085984703014,77.01083192483006,0.18563829049814234,0.0013794423459018137,False,False,False
cg07779119,717644,False,False,False,False,False,0.33178868557135477,False,False,0.001031489736526811,0.004090543894026851,0.6390670111165674,87.1787371899627,6.223400326352434,0.0018060961109024772,False,False,False
cg08541518,522916,False,False,False,False,False,0.33228322588459713,False,False,0.9936183749920847,0.0012621724673010563,0.09022590085865073,130.09097031640385,0.0034759595039358985,0.0010177972245034377,False,False,False
cg05923226,638390,False,False,False,False,False,0.3323824958809851,True,False,0.9977675145491877,0.0038723267514797657,0.35060481765534496,65.1315523104217,0.02390108807447968,0.0017686005673282553,False,False,False
cg01502244,754515,False,False,False,False,False,0.33273599187490355,False,False,0.0030441912075309897,0.0018966341222787495,0.7053446844175888,181.80050299340135,8.433609081813588,0.0011229844356582166,False,False,False
cg25778262,49034,False,False,False,False,False,0.33274978243149306,False,False,0.9999659121411809,0.0023945842356683684,0.21569625355905855,73.88334068710817,0.00038662936904366156,0.001513908431920474,False,False,False
cg15894389,189965,False,False,False,False,False,0.33296581793195207,False,False,0.001139413018519304,0.01005174290081317,0.42783768210283707,56.89848253581441,5.882657631555212,0.0017357004266429848,False,False,False
cg04427498,626348,False,False,False,False,False,0.33301844612193987,False,False,0.9940202053061619,0.00256157168375468,0.2299133077405764,96.67227490406083,2.141598214607088,0.0015543104025083293,False,False,False
cg03372207,597268,False,False,False,False,False,0.33311258883988504,False,False,0.010342252309497943,0.009584867953761803,0.5487787048726922,84.69389240789764,39.28508174446467,0.0021781190573577445,False,False,False
cg05725703,253787,False,False,False,False,False,0.33337579388433086,False,False,0.0027037492239564043,0.0021965977954811074,0.5966312025561273,111.99791996744027,0.04232651539163648,0.0010705984654891412,False,False,False
cg17254414,759300,False,False,False,False,False,0.33342529085890604,False,False,0.012065947267315098,0.0037098767191238342,0.4547693889540812,97.26726169704659,0.14607621138169824,0.0011761596264409431,False,False,False
cg27401724,537388,False,False,False,False,False,0.3339457531087222,False,False,0.018837739246590077,0.0028413801731205727,0.562869234814166,167.81103217821644,8.680667205690101,0.001196998959664805,False,False,False
cg23995914,37439,False,False,False,True,False,0.33402596650927224,True,False,0.9999086701253099,0.003091100266485021,0.1021427185189376,55.03756055381061,0.0038416921674189904,0.002101144506233273,False,False,False
cg18284157,35578,False,False,False,False,False,0.33424391834253964,False,False,0.999895644435357,0.002712791746052899,0.20936037441527766,73.52709800449605,0.009570946178715648,0.0016799801974522136,False,False,False
cg16789844,617370,False,False,False,False,False,0.33435831588098874,False,False,0.0029591645145600875,0.005969895420955213,0.6420288580682495,45.805187131856044,0.4358899380487986,0.0022293210070827704,False,False,False
cg23186333,445999,False,False,False,False,False,0.33441451716065423,False,False,0.002331755096297506,0.01091104111264906,0.4190028881429396,64.97062041102092,10.021567163403978,0.0017028843749044913,False,False,False
cg25984903,485080,False,False,False,False,False,0.33518621522909703,False,False,0.006171080459799455,0.003967448202939673,0.6848512455331623,62.55193458446237,0.029771767294874227,0.0018840947732251387,False,False,False
cg07502389,246598,False,False,False,True,False,0.33537311824171595,True,False,0.9819683389683901,0.0015329755119072672,0.0666723365727723,106.93045827883014,0.04173741092839176,0.001222300896906951,False,False,False
cg00876267,177497,False,False,False,False,False,0.33625038651325373,False,False,0.009392524373812513,0.002720785557957562,0.6117157999161168,93.84117021462211,0.0769177995640768,0.001282856165272796,False,False,False
cg05213896,24798,False,False,False,False,False,0.33683142157746315,False,False,0.999096922259479,0.0035218176795113218,0.10727383990219999,63.65537745401511,2.5341921270481715,0.002287652418895853,False,False,False
cg14674720,629255,False,False,False,False,False,0.33821691867682596,False,False,0.9795317082600653,0.0018381246071983944,0.09826975408779845,130.7408028597296,3.801969217876339,0.0013728848310907797,False,False,False
cg26161329,8543,False,False,False,False,False,0.33840821891836875,False,False,0.9831625857994187,0.001742648056229163,0.1194271039341421,107.46472674384638,0.0012342083542777559,0.0012866974126788421,False,False,False
cg15480367,219566,False,False,False,True,False,0.3386199061285895,False,False,0.7683638298046597,0.002575587480048723,0.1521913782112286,257.70575573243093,31.302388917288997,0.0012586583873396926,False,False,False
cg11142333,403274,False,False,False,False,False,0.3392024245214526,False,False,0.047092819249048255,0.003355976196385286,0.5808981269989072,95.05974593912971,0.006834349306994799,0.0013244280943059228,False,False,False
cg09240238,383477,False,False,False,False,False,0.33999815068115463,False,False,0.0005675668419478073,0.003425239836580812,0.46843805251541765,118.99609292659916,2.8265037374057735,0.0011774324145734625,False,False,False
cg10906284,9051,False,False,False,False,False,0.3404256814503142,False,False,0.9993310263752658,0.0025912735200781297,0.08509368365703623,67.25527014902822,0.013457394230064548,0.0018762400074820915,False,False,False
cg18662303,280042,False,False,False,False,False,0.34101821726727477,False,False,0.004533177895967753,0.0032330928096903737,0.4701667033888831,124.87518443879968,1.6538393687009025,0.001125361674251942,False,False,False
cg20786223,536256,False,False,False,False,False,0.34142466320252884,False,False,0.0008100448609656087,0.0033792098376674066,0.8111900887596901,57.36332542960233,0.007683811104473639,0.0020203304145265575,False,False,False
cg12211691,263093,False,False,False,False,False,0.3416803248711707,False,False,0.0022109954948062367,0.003307797018109542,0.6298521373759337,71.66271870229252,0.017519958119507534,0.0015415585911034715,False,False,False
cg24214068,743743,False,False,False,False,False,0.3423821738276677,False,False,0.9912448868020238,0.0015463876366982236,0.07307710132357385,129.8875893290625,2.00524307959452,0.0012353713763542423,False,False,False
cg18826637,525387,False,False,False,False,False,0.3426318241166744,False,False,0.001150008989347632,0.009745521825880189,0.6647730788945966,29.184485857617112,0.02920746497532538,0.002690346400561285,False,False,False
cg04503319,3129,False,False,False,False,False,0.34288207658499237,False,False,0.0008186072631449947,0.0037618145933529007,0.7574735174514673,82.8527100649314,5.245464551978191,0.0020288926217980558,False,False,False
cg23565569,636844,False,False,False,False,False,0.34353534433799976,False,False,0.0041494846771537135,0.009476395484707526,0.4697905676285895,81.12075227175501,20.224185478461962,0.0018805951150898657,False,False,False
cg27166177,378522,False,False,False,False,False,0.3437143843204676,False,False,0.0017146838174075044,0.0037092471738948527,0.5991440445916214,86.58345823518346,1.5698342661491365,0.0015870508227986309,False,False,False
cg06963389,379220,False,False,False,False,False,0.34447791551600687,False,False,0.41230356385913375,0.007017121842544111,0.7243335357137177,165.3817996211235,0.008684770134122348,0.0011643420249884773,False,False,False
cg25880623,274410,False,False,False,False,False,0.3444908378133173,False,False,0.03418037534938453,0.002402947143143642,0.6579601106891843,202.53337390997535,13.357232351185926,0.001207404188344045,False,False,False
cg18769729,621457,False,False,False,False,False,0.3456650495553572,False,False,0.003550299800419439,0.004889281200912144,0.7474819889204553,53.17722832174461,1.2544443039517246,0.0023424653118793923,False,False,False
cg16449837,272195,False,False,False,False,False,0.3458409663957538,False,False,0.0029007733671684733,0.005301238013983834,0.4432786829314138,92.8911813956737,3.056249308608832,0.0014487584151858458,False,False,False
cg00481951,710733,True,False,False,False,False,0.3462823815405745,True,False,0.9977623559900068,0.0018857626255035626,0.09002563590262763,118.4594016367692,3.3775068005293547,0.0014445715615061024,False,False,False
cg07914614,725359,False,False,False,False,False,0.34740880990904704,False,False,0.0022306162664687363,0.006869137168500603,0.6428363120239432,48.7410999146756,1.7075419876683158,0.00237138698217359,False,False,False
cg22943590,506935,False,False,False,True,False,0.34745453249579056,False,False,0.0005838740114864732,0.00924663591192536,0.8367138817701293,25.622171989213946,0.09167294295499687,0.0033638676617615605,False,False,False
cg10137837,60850,False,False,False,False,False,0.3476428219916631,False,False,0.9985733479315327,0.0031176563091744303,0.19022733409964201,152.41483186431952,26.557142727881054,0.0019035629968649395,False,False,False
cg27320127,696148,False,False,False,False,True,0.34783730532305535,False,True,0.964815304029178,0.0017213864018105645,0.08748371500143376,110.29353315616224,0.0013186536050883804,0.0012934783360013169,False,False,False
cg06859186,530858,False,False,False,False,False,0.34804683810014553,False,False,0.027959284357256593,0.003115439361501194,0.6732690934340939,88.46379544129957,0.011506413197505408,0.001518853681504757,False,False,False
cg03193047,590798,False,False,False,False,False,0.3485773198645058,False,False,0.0017752225698140184,0.006630193997414109,0.6249240052513325,60.8798011557863,5.313374007620771,0.0022749239706363602,False,False,False
cg03650729,445254,False,False,False,False,False,0.3489613187420289,False,False,0.0011751773618117706,0.004846950897760641,0.4963188362339357,129.77617446635028,14.59239800204094,0.0015514917803181815,False,False,False
cg13208063,516628,False,False,False,False,False,0.34929487591716085,False,False,0.0004226903831200807,0.006360599772306187,0.4839821037192803,56.979403318725026,0.026320406736954797,0.0017351391420887268,False,False,False
cg00664406,19482,False,False,False,False,False,0.34934344332300077,False,False,0.9985321643081344,0.006254216292931434,0.30630271253813524,47.25002788359432,0.014686023697614466,0.002465854933049304,False,False,False
cg16935839,12746,False,False,False,False,False,0.34955365321988,False,False,0.9977265924004975,0.0026044984011194517,0.17523981239061726,121.9382527558447,8.657470381118188,0.0016945417983022933,False,False,False
cg01606885,315032,False,False,False,False,False,0.34956387152147966,False,False,0.0025432760915930813,0.003457966213601147,0.8294013958406385,59.457986892817644,0.0016350789110490724,0.0020945557924559534,False,False,False
cg20591472,221108,False,False,False,False,False,0.3500183405492807,False,False,0.9941915292319121,0.0021823835653991936,0.08382360075796005,85.95584280467166,0.006447612946890266,0.0016324740612275487,False,False,False
cg20398091,497157,False,False,False,False,False,0.3504912219936717,False,False,0.0019598280044950613,0.00795666413229193,0.4643384502504902,58.353675083173485,2.1229014159765223,0.0017977553634045522,False,False,False
cg02383785,185118,False,False,False,True,False,0.3515588531835274,False,False,0.9246449065434842,0.0013809461555172934,0.05727242524004942,148.17260394086892,0.01101875003062521,0.0010578060050960589,False,False,False
cg01528542,415277,True,False,False,True,False,0.3517638270121229,True,False,0.001638238341534022,0.00519622544705384,0.6618485727545597,66.04468811580291,3.6071318756708126,0.0021491563934123805,False,False,False
cg11807280,553637,False,False,False,False,False,0.3518209187024923,True,False,0.00013494473754750553,0.012368690259716932,0.6869184599533933,101.04094121324337,203.5180585681622,0.0027905815765646796,False,False,False
cg00753885,444665,False,False,False,True,False,0.35220915158140004,True,False,0.03473628354298528,0.0026233206983939605,0.7017967038098315,103.56939091661725,0.006852100250161171,0.0013819111639138623,False,False,False
cg11693709,747054,False,False,False,False,False,0.3530435275653763,False,False,0.0011070308862027303,0.007607180887120107,0.483185487500184,80.35925450108456,10.179948763926854,0.0018492829508242826,False,False,False
cg26079664,34412,False,False,False,False,False,0.3531400946038263,False,False,0.9998939344725465,0.009333670638609815,0.16591675606266212,26.23958371832092,0.01124563441434059,0.00336036218800721,False,False,False
cg24087280,254189,False,False,False,False,False,0.353462569872094,False,False,0.002423583435847472,0.005668663937309526,0.3702490378481667,129.17806269322912,8.407030512420201,0.0012518556073832863,False,False,False
cg19392831,381555,False,False,False,False,False,0.35522835383045137,False,False,0.9853662818960245,0.0017933394132626079,0.2214292307535917,279.4064589186628,26.351042479051234,0.0011658017428364251,False,False,False
cg07416237,16115,False,False,False,False,False,0.35540987855632117,False,False,0.998958630139058,0.002196502798119205,0.11772929498868388,89.6155908021415,0.002023278782195108,0.0015884263861177422,False,False,False
cg26394870,15335,False,False,False,False,False,0.3566920081627826,False,False,0.0003438610605513776,0.0027576814274121826,0.9553278254012408,59.23159284159576,0.001066935209771269,0.00205471716479175,False,False,False
cg13848598,547407,False,False,False,True,False,0.3567038199712898,False,False,0.5257986789837529,0.007734920719627568,0.20980652763598498,224.364476523468,29.722364192934755,0.0012184316103763214,False,False,False
cg19784428,204470,False,False,False,False,False,0.3567338349193576,False,False,0.0021336368149884205,0.004766764656273514,0.7578890686052864,48.95474276954751,0.014351640519086634,0.002345788349408911,False,False,False
cg05179292,19542,False,False,False,False,False,0.35721024423065967,False,False,0.00017675999269463333,0.002782977373116358,0.7622074141111016,74.90716500525782,0.07722980601477457,0.0016508410625729194,False,False,False
cg20219381,52970,False,False,False,False,False,0.35952419416104736,False,False,0.9997961741812784,0.0028526960642120854,0.14984939191695687,109.07346989780756,7.195985748486134,0.001875622019651262,False,False,False
cg13823169,633832,False,False,False,False,False,0.360863623331278,False,False,0.00230714247331614,0.004234667269882731,0.4979769863698529,108.35032046699186,3.974367483727648,0.0014338161021809428,False,False,False
cg20249566,210043,False,False,False,False,False,0.3625771527626086,False,False,0.0018395756762271144,0.005109812437716838,0.7511202191687333,46.45956522415935,0.006900633245978649,0.0024172678250735324,False,False,False
cg18204696,343408,False,False,False,False,False,0.3633352733319693,False,False,0.0029953179551226975,0.006257042033872913,0.4758380226846702,135.6407316109687,26.128053839953616,0.0016846895068679643,False,False,False
cg16932827,614590,False,False,False,False,False,0.36375939709898675,False,False,0.001454195514002257,0.0033698182447295185,0.8201804365038183,59.54686610652359,0.006737065922600734,0.0020371864332079746,False,False,False
cg17471102,550285,False,False,False,False,True,0.36446198510661737,False,True,0.0011999339767705885,0.004300472250484936,0.574345852492414,103.48968183875762,6.040040267896241,0.0016737513125632156,False,False,False
cg16038120,78389,False,False,False,False,False,0.3645058015178707,False,False,0.9988793135407723,0.0017286584173435127,0.07536804519903052,108.33805158870184,0.00010201064723282893,0.0013664198773178178,False,False,False
cg23719650,440672,False,False,False,False,False,0.36524460478822107,False,False,0.0008964824704588141,0.0034398021871469213,0.8123063374732278,60.17776501142019,0.006993095385314254,0.002047971490746283,False,False,False
cg25167618,610188,False,False,False,False,False,0.36653488437557374,False,False,0.001836029198830683,0.004780184744537559,0.6005189792361086,80.9648378019491,3.7101083090922606,0.0018612335158248812,False,False,False
cg07336350,36369,False,False,False,False,False,0.36667740325232323,False,False,0.9999358928468214,0.0027255100580657397,0.1475268177336276,77.83657677606368,0.00011260199497432208,0.0018178799334621898,False,False,False
cg07503069,50167,False,False,False,False,False,0.3702886261175772,False,False,0.00036186310858921957,0.008191659447520606,0.5699929011910049,40.35880177122464,0.5180400519058866,0.0022324524096051083,False,False,False
cg23746497,32301,False,False,False,False,False,0.37195993604366645,False,False,0.9997372421227211,0.004289165033525695,0.23317110839410576,72.22663096152284,3.131256451418867,0.0022349814446237276,False,False,False
cg15341124,89094,False,False,False,False,False,0.37226244330521524,False,False,0.9959197508366417,0.0031820412798116643,0.3586501199773683,172.01043469872351,16.24094598208791,0.0015228396107069824,False,False,False
cg05308819,426106,False,False,False,False,False,0.3726752291043372,True,False,0.008988505512469424,0.0032873073402299485,0.5341321225347279,274.0903451215157,40.45070339604038,0.0012841893122751441,False,False,False
cg02669012,211412,False,False,False,False,False,0.37277627800689245,False,False,0.0015586588845319688,0.008512474277930771,0.49440859733166853,66.57774077558307,6.10583364377659,0.0019500586109332059,False,False,False
cg17403084,591713,False,False,False,False,False,0.37742528079583065,False,False,0.0011212260970693967,0.005414631798829837,0.3058281246313652,152.527507493905,4.306299938108716,0.0010134730209704025,False,False,False
cg11970349,229436,False,False,False,False,False,0.3775527615019643,False,False,0.9291710657630781,0.002152659925093971,0.12191236361404852,201.28954614896992,15.959327631361587,0.001431687429557847,False,False,False
cg00748589,344332,True,False,False,True,False,0.37767757373078875,False,False,0.9840542954314814,0.002274948220558721,0.10134636386912223,127.29123227280425,4.71354487881514,0.0016363220169250867,False,False,False
cg13327545,45275,False,False,False,False,False,0.3784680600465402,False,False,0.9997958880083234,0.004136773686835183,0.30849061101075936,135.07327591243867,21.294780227494766,0.0019707866679851975,False,False,False
cg24436906,62828,False,False,False,False,False,0.3789115593066495,False,False,0.9994916850497307,0.0027068560159187365,0.18171093963946605,85.79593588105027,0.008150438846975297,0.0017350040757691816,False,False,False
cg11667847,7514,False,False,False,False,False,0.37968134956499056,False,False,0.9970507010119831,0.0034381865002451133,0.3523503978184678,164.34295981539344,18.416738025498418,0.0016266743439287757,False,False,False
cg01649837,611675,False,False,False,False,False,0.38075407250751436,False,False,0.0013722130279783592,0.005855432705989301,0.6281039526805419,54.32773944136933,0.0393442648872538,0.002166567844806546,False,False,False
cg18645241,652479,False,False,False,False,False,0.38162367600128644,False,False,0.00661841625215898,0.00810772714202528,0.5233498630155383,92.77369646175669,19.26100001690921,0.002019581168412826,False,False,False
cg04940570,109135,True,False,False,True,False,0.38230241563272227,False,False,0.9985662703533177,0.0016436912822068606,0.056276867797946134,120.79674878332608,0.00017261779803202153,0.0013358522115037828,False,False,False
cg11218872,597999,False,False,False,False,False,0.382665842925516,False,False,0.0001902553425542354,0.0033582798392712107,0.8198818587668564,64.73984693612022,0.0036642401470712814,0.0020347167131370973,False,False,False
cg04400972,26221,True,False,False,False,False,0.3830322434242388,False,False,0.9995728257556213,0.0021295279910149073,0.084806287926634,95.57349155557125,0.00015219118936644953,0.0016082657738334906,False,False,False
cg11135072,410031,False,False,False,False,False,0.385141338029147,False,False,0.005748712710739089,0.010120819574322372,0.27194887332980816,349.03589671217736,189.96298205079646,0.0010835190403588977,False,False,False
cg23078123,377016,False,False,False,False,False,0.3853776585098786,True,False,0.001310810088570433,0.003949841205020611,0.6063918628744968,104.08308762928465,3.8169163853671457,0.0016749726051597605,False,False,False
cg19344626,5915,False,False,False,False,False,0.3860174481826825,False,False,0.0006314440339781706,0.00442681722187499,0.900699507041884,48.17807275369177,0.006261979007182881,0.0026750883901421356,False,False,False
cg09961785,473341,False,False,False,False,False,0.386839102425155,False,False,0.004281629028980439,0.002631757872464717,0.5129245778739882,192.52486532661752,5.114843590389538,0.001056313295510778,False,False,False
cg09401099,75409,False,False,False,False,False,0.38763912193617583,False,False,0.9997123715687282,0.002107811826695271,0.058217500038867144,96.51290017592429,9.977861896518764e-05,0.0016415828322325844,False,False,False
cg12857881,583841,False,False,False,False,False,0.3887680932868616,False,False,0.0013308929950435827,0.004942188771201226,0.5114078294818586,145.45392781084885,15.732989118609414,0.0016157796667548893,False,False,False
cg25078444,63493,False,False,False,False,False,0.3897763458154012,False,False,0.9991256362924561,0.0016498608722269686,0.05121058912365054,122.03244811139778,3.7535233977654464e-05,0.0013481227815266646,False,False,False
cg13954457,108231,False,False,False,False,False,0.3907392071929194,False,False,0.9997085935538269,0.0029620059598580275,0.07630077360180906,70.9996044695306,0.006719983420895903,0.0020951012703351495,False,False,False
cg26638716,630083,False,False,False,False,False,0.39097082714305503,False,False,0.29320240733660025,0.024696230156488922,0.7466407547984216,73.65013730845502,15.825173202399256,0.0012129967197643274,False,False,False
cg04978384,34886,False,False,False,False,False,0.39276496582987164,False,False,0.9999435837519591,0.002471586554149019,0.09198637262013715,85.36133045935297,0.00010336650537160626,0.0017965343688275957,False,False,False
cg00573770,1894,False,False,False,False,False,0.3927720420620855,False,False,0.21921727681448558,0.024699456062203168,0.7404630874801366,56.439866426247804,27.846846895586495,0.001394166342962926,False,False,False
cg09809672,501990,True,True,True,True,True,0.39305227950602956,True,True,0.00549897847295056,0.007288680285643319,0.5626368586517358,73.70217474439453,6.039849145479266,0.0021072815337174248,False,False,False
cg08587685,417349,False,False,False,False,False,0.3946384273590944,False,False,0.0013002383473960744,0.0038784557602673086,0.46256490330007843,143.51780359291234,3.7712440489291845,0.0012618674991528639,False,False,False
cg15931375,663274,False,False,False,False,False,0.39499841211977255,False,False,0.0002978168225289026,0.002800941662507138,0.8739756854760591,75.33302402480803,0.0003952554773639185,0.0019018505321274984,False,False,False
cg11299543,189128,False,False,False,False,False,0.39838180467829215,False,False,0.0002631747049502147,0.013141247709332437,0.6040116750990694,32.0114505913862,0.6545926252727413,0.002431348670720219,False,False,False
cg03738025,98407,False,False,False,False,False,0.3986166950404311,False,False,0.9995563990762837,0.0037384904133388524,0.07802981306575885,60.32343888169481,0.013194352794247593,0.0024608187221520136,False,False,False
cg17015290,576673,False,False,False,False,False,0.3989446813566206,False,False,0.0025502566271517475,0.0034246096072180427,0.448842875200988,201.2462337103195,8.510372132468392,0.0011229870798201808,False,False,False
cg11705975,72627,False,False,False,False,False,0.4008483766179352,False,False,0.9822096400567387,0.004158692473908809,0.3430898577111962,268.6173872688369,94.12825235603799,0.0018280594670240537,False,False,False
cg17885226,710337,False,False,False,False,False,0.4010731996916533,False,False,0.9992914076678971,0.0028228600702529753,0.12115962689087549,106.60725871679543,2.855039348076867,0.00192270792378864,False,False,False
cg06737494,687883,False,False,False,True,False,0.4017584711883159,False,False,0.9905489252613382,0.0018313383403619089,0.09193983575127788,127.45888953328166,0.00037340694713737055,0.0013955930009725264,False,False,False
cg08468401,485438,False,False,False,False,False,0.4034934023768469,True,False,0.002381999990360125,0.01118602260179913,0.37688149477738575,85.31759160705262,10.436043386168656,0.0015307505301659903,False,False,False
cg04765439,133590,False,False,False,False,False,0.4038626086599035,False,False,0.37474028419116506,0.009470515936756152,0.6907615600769472,176.9991969537933,0.1717000088795262,0.0012762054892320896,False,False,False
cg11071401,44995,False,False,False,False,False,0.4064674830625201,False,False,0.9883532993301409,0.003686094395171296,0.29396356251011807,86.7889514870084,0.003917453989378028,0.001836932529255606,False,False,False
cg20816447,526047,False,False,False,False,False,0.4081876898208697,False,False,0.0012397434968771056,0.011135398310611826,0.3506419805718697,155.23667332365304,56.04597372801539,0.0014281954788187058,False,False,False
cg08637691,260322,False,False,False,False,False,0.41221595096999486,False,False,0.981498968598277,0.0024900681850636283,0.12756178537771967,134.22954116432197,4.223827473930406,0.0016994527936523875,False,False,False
cg22682811,339177,False,False,False,False,False,0.41668964305475537,False,False,0.9861791441902902,0.0017323404691190914,0.0723959724296355,140.48489929085773,0.0010911072397417143,0.0013544571660631033,False,False,False
cg21531089,725324,False,False,False,False,False,0.4170688194797718,False,False,0.0006418436619928284,0.01218621470163568,0.4947302781081289,55.528962555661664,6.478161047210979,0.002010744972560924,False,False,False
cg26413501,606370,False,False,False,False,False,0.4173792902715138,False,False,0.00034680807862406986,0.0040054814776978405,0.7249677750382221,84.0951389822803,1.3575380979845018,0.0020239760015665713,False,False,False
cg26290632,57095,False,False,False,False,False,0.42081992446193917,False,False,0.9988793121899716,0.0022426172172008802,0.12200835180715454,111.42810688002483,0.0002672491822188634,0.0016070699270430485,False,False,False
cg22736354,313208,True,True,True,True,True,0.42090222661960736,False,True,0.4763356282490898,0.006961317353519598,0.11614613929879736,260.2920281440108,44.05857632565186,0.0013400744092815211,False,False,False
cg03473532,371085,True,False,False,True,False,0.423342816752925,False,False,0.0016015724041943996,0.0049106006741546785,0.8417718264589796,57.66888671264185,0.04981451213493618,0.002651940102439107,False,False,False
cg03032497,132244,True,False,False,True,False,0.42457473569505894,True,False,0.9819424648447473,0.0020908590744992245,0.09089670964501179,127.81265235811148,0.007648470601293407,0.0015434778356463084,False,False,False
cg16290275,79274,False,False,False,False,False,0.4245799313655017,False,False,0.00015828704775031806,0.007565891135607157,0.3710184611309136,122.49615474018044,8.701805558023231,0.0014201887120472703,False,False,False
cg01844642,385316,False,False,False,True,False,0.42547340548696483,True,False,0.9909271916617419,0.0023908974320594936,0.30983251075566026,143.26808967595227,0.010956218219837414,0.0013131568807205295,False,False,False
cg13206721,573261,False,False,False,False,False,0.42567766004801544,False,False,0.9982593221611494,0.002049272400835092,0.06105627189665863,115.9485593163303,0.001155359803788152,0.0015971087605567127,False,False,False
cg11436113,717410,False,False,False,False,False,0.42581180152253245,False,False,0.01269103134124117,0.0043783151040732125,0.5913985127288938,177.95482030528785,21.895911035787805,0.001708571205681181,False,False,False
cg24466241,98085,False,False,False,False,False,0.4270413085066871,False,False,0.9994663652798098,0.0030349222117157055,0.08652580098053869,85.57929432562364,0.17963370372598614,0.002108460994518365,False,False,False
cg11084334,538680,False,False,False,False,False,0.433163028492273,True,False,0.9989687606165994,0.004535458083513775,0.39572454579208605,88.15419814062489,0.0022386770351888723,0.0018190269169881745,False,False,False
cg08745595,218129,False,False,False,False,False,0.4334680533972578,False,False,0.21931198292457152,0.008488258219183639,0.539988776542332,188.76549464237664,0.10393378697293038,0.0012679723455112895,False,False,False
cg18071806,515831,False,False,False,False,False,0.4440773890100076,False,False,0.9993360983380156,0.007584077554967727,0.48530796871947857,87.20571489203982,5.245474252102655,0.00196994716568878,False,False,False
cg06493994,377006,True,True,True,True,True,0.4484235148894589,True,True,0.908840050725319,0.0017862876772859505,0.09320245887669977,331.57956345691804,23.09827283776249,0.0012405917725798543,False,False,False
cg14692377,19832,True,False,False,False,False,0.44910665325812454,False,False,0.9841934829374394,0.0020372455854880613,0.0768763766247138,139.13220255249084,0.000565129519688117,0.0015387698841793386,False,False,False
cg25410668,384617,True,False,False,True,False,0.45604960960681934,True,False,0.998735518583732,0.0043065794912647394,0.31090648699860374,91.42310467802733,0.002683840168051229,0.0020104062996401176,False,False,False
cg08262002,314281,False,False,False,False,False,0.4563220697701641,False,False,0.307163210384861,0.01949111627349345,0.6279513633613806,192.63516340376478,46.81732016782091,0.0010819705783428502,False,False,False
cg00059225,676977,False,False,False,False,True,0.4563577203807985,False,True,0.6562256065796529,0.005295779099103639,0.20730298737465136,253.94126062544032,25.35025633956978,0.0014760730865103237,False,False,False
cg22796704,291911,True,False,False,True,False,0.45826469600359476,False,False,0.00905381628254176,0.006077503918243051,0.6580320949919317,113.91744813521501,15.088852232718098,0.002282480265802976,False,False,False
cg23606718,9719,True,False,False,True,False,0.4616216978944592,True,False,0.9957833361949477,0.002426922860873347,0.054392888622325324,116.35029473423229,0.0013113018959011213,0.0018363938563732514,False,False,False
cg21620282,25898,False,False,False,False,False,0.4620725493223574,False,False,0.999690456682621,0.003557810259091516,0.13377186243765524,83.92630587790237,0.00911624397733358,0.0022366472018368094,False,False,False
cg18933331,551008,False,False,False,True,False,0.4630062695610057,True,False,0.008875813395695317,0.005520648168526673,0.49529565127621816,108.3105898212676,0.016489555807639174,0.0016338738267041623,False,False,False
cg14556683,107543,True,False,False,True,False,0.46594852969150785,False,False,0.999706077540604,0.003897216213022882,0.1353526561054298,97.41087363561975,3.0868010904067646,0.002372014291804945,False,False,False
cg05991454,22949,False,False,False,False,False,0.47182841580824436,False,False,0.9962486954854359,0.0022676659954649326,0.06393985802454451,128.91267236959348,0.00217841080266315,0.0017238669922421189,False,False,False
cg07082267,409203,True,False,False,True,False,0.48021216053566707,True,False,0.002544024896839676,0.0049932129765573,0.44136225862804274,216.544438554727,15.524385438723392,0.0013979689313573134,False,False,False
cg12642568,607539,False,False,False,False,False,0.480712215945555,False,False,0.029747938169805595,0.00357528085087732,0.6690154241627857,181.64357987004007,8.959100196683563,0.0016567140371782114,False,False,False
cg26947034,563659,False,False,False,False,False,0.48524314718077993,False,False,0.002092991540224329,0.009383874972297306,0.4100658027606899,230.38106376876075,87.63431907797087,0.0016452449753152083,False,False,False
cg17740900,740016,False,False,False,False,False,0.48643870878452433,False,False,0.0012970157053429166,0.013511480203591388,0.3978967841923693,109.23993898863928,22.579334081013087,0.0015883231618707776,False,False,False
cg16008966,724013,False,False,False,True,False,0.48827750864717745,False,False,0.002306495464824848,0.004464498581779944,0.6236581980417825,179.99950718346298,18.688641894967827,0.0018561306539627283,False,False,False
cg11220950,595657,False,False,False,False,False,0.49003346294628397,True,False,0.5706618292483269,0.009733786758170587,0.29776668750907037,397.15168472821847,38.896519540016875,0.0011061599824749439,False,False,False
cg16419235,44021,True,False,False,True,False,0.4979503600302353,True,False,0.998826734510029,0.0025291235168367486,0.08268179018271483,130.32924651524624,0.0003362529501572723,0.0018453537610285935,False,False,False
cg13552692,385339,False,False,False,False,False,0.5116858838934466,False,False,0.0006584451896818359,0.010752812124872365,0.46601358983183694,103.37560438170948,12.700567059644476,0.0019011516025149678,False,False,False
cg17110586,528565,False,False,False,True,False,0.5167026111708939,True,False,0.9683089319868377,0.0026148482463435197,0.1292952963789674,223.22059569647644,12.271849777224043,0.0017338448536151918,False,False,False
cg07553761,74041,True,False,False,True,False,0.5215428315835514,False,False,0.9998390935314241,0.006111082705328893,0.2451878104479106,72.28575448812677,0.007369392771121029,0.0026607472464080903,False,False,False
cg23500537,699437,True,False,False,True,False,0.5241038455391327,True,False,0.9995547146316472,0.003106863571801099,0.23335831301256632,139.02656956611946,0.009771352738536706,0.0017998066724045658,False,False,False
cg12841266,759884,False,False,False,False,False,0.5252734432433793,False,False,0.5743786715573871,0.007775916356222115,0.18004192946756692,379.6119691297124,98.7489871476958,0.0015229492927301106,False,False,False
cg07323488,537150,False,False,False,False,False,0.5316377875247519,False,False,0.0006650934824168437,0.011346114142018145,0.4145456178225915,161.94387012897107,39.811588200647705,0.0016913839697651955,False,False,False
cg24866418,403466,False,False,False,False,False,0.5370512388053962,False,False,0.6853270514778039,0.005830269997229998,0.18821487464729433,351.41877367996636,76.47314354482073,0.001714976607867318,False,False,False
cg04875128,68570,True,False,False,True,False,0.5383190186953878,True,False,0.9999538449782441,0.003936856489934713,1.78637020070907e-05,68.08600063288795,3.412678600996377,0.0027621281592580473,False,False,False
cg07547549,479932,True,False,False,True,False,0.539600958584683,True,False,0.9930938396024739,0.0037141114164392646,0.15590886055310071,123.42101219318512,0.5386425510139657,0.0022258952707827073,False,False,False
cg19283806,77217,True,False,False,True,False,0.5688537941869509,True,False,0.0005394889695271541,0.013348553986054374,0.5525456708105947,93.56772774348134,17.846999342620755,0.0022163067198753233,False,False,False
cg10501210,84198,True,False,False,True,False,0.6119383605822184,False,False,0.00039117584984673466,0.007497665116070078,0.9999994443543828,42.034133667920685,0.025187907055863733,0.0038167908790311175,False,False,False
cg24724428,49403,False,False,False,False,False,0.6318536063372914,False,False,0.9989207826717883,0.004043265081811387,0.05441045427098785,138.4503989573513,0.00021138383981976426,0.002654005584204576,False,False,False
cg22454769,119241,True,False,False,True,False,0.6493589053193088,True,False,0.9991721056477345,0.009382435734348831,0.2694055290563671,104.21350770958912,4.517340218182438,0.0029428827622515166,False,False,False
cg17268658,607750,False,False,False,False,False,0.6499486452191927,False,False,0.9938818844576485,0.0049159661564466715,0.21506176343307526,223.35308385504626,22.093803747211734,0.0024597904990919474,False,False,False
cg21572722,565494,False,False,False,True,False,0.6500861789646784,False,False,0.9911478380739827,0.0033358985162290204,0.21289291483061804,568.879082830333,122.2788750986153,0.0019228530625207832,False,False,False
cg06639320,716944,True,False,False,True,False,0.650580666100751,True,False,0.9990928255392653,0.0054159727743376355,0.1712852441511571,131.98766999357753,0.16812055554075916,0.002753686110013398,False,False,False
cg16867657,111488,True,False,False,True,False,0.8353855895693694,True,False,0.9996407166976036,0.014004801343488513,0.26992823952512784,186.64534217845136,0.00508814689572469,0.00289754380319525,False,False,False
